{"cameraMode":{"drawMode":0,"name":"Shaded","section":"Shading Mode"},"sceneLighting":false,"audioPlay":false,"sceneViewState":{"showFog":true,"showMaterialUpdate":false,"showSkybox":false,"showFlares":true,"showImageEffects":true,"showParticleSystems":true},"in2DMode":false,"pivot":{"x":0.3526468575000763,"y":1.1182693243026734,"z":5.140175819396973},"rotation":{"x":0.003914149012416601,"y":-0.9960614442825317,"z":0.06614551693201065,"w":0.058942731469869617},"size":2.044022560119629,"orthographic":false}