{"cameraMode":{"drawMode":0,"name":"Shaded","section":"Shading Mode"},"sceneLighting":false,"audioPlay":false,"sceneViewState":{"showFog":true,"showMaterialUpdate":false,"showSkybox":false,"showFlares":true,"showImageEffects":true,"showParticleSystems":true},"in2DMode":false,"pivot":{"x":-1.8289098739624024,"y":4.702824592590332,"z":15.888580322265625},"rotation":{"x":0.016807757318019868,"y":-0.011686918325722218,"z":0.00019651780894491822,"w":0.9997933506965637},"size":4.645875930786133,"orthographic":false}