{"cameraMode":{"drawMode":0,"name":"Shaded","section":"Shading Mode"},"sceneLighting":false,"audioPlay":false,"sceneViewState":{"showFog":true,"showMaterialUpdate":false,"showSkybox":false,"showFlares":true,"showImageEffects":true,"showParticleSystems":true},"in2DMode":false,"pivot":{"x":2.668076515197754,"y":-1.1170638799667359,"z":3.1162796020507814},"rotation":{"x":0.03104366548359394,"y":-0.6786062717437744,"z":0.028728831559419633,"w":0.7332859039306641},"size":1.99540114402771,"orthographic":false}